PolicyNumber,Insured,,,,,,,Insured
21PAT00042,AMERA SOLUTIONS ,,,,,,,AMERA SOLUTIONS 
21NJL00106,FLAGSHIP RESORT ,,,,,,,FLAGSHIP RESORT 
21VAN00108,VEYO LLC ,,,,,,,
21NJT00205, TEST ADDTEST ,,,,,,,VEYO LLC 
21NJN00210,SUSSEX COUNTY REGIONAL COOP ,,,,,,,SUSSEX COUNTY REGIONAL COOP 
21CAN00211,"MODIVCARE SOLUTIONS, LLC ",,,,,,,"AMERICAN LOGISTICS COMPANY, LLC "
21CAN00115,"AMERICAN LOGISTICS COMPANY, LLC ",,,,,,,MODIVCARE SOLUTIONS LLC 
21NJT00213, TEST2 TEST2 ,,,,,,,ALLY FINANICAL 
21PAN00215,MODIVCARE SOLUTIONS LLC ,,,,,,,MODIVCARE SOLUTIONS AND DMAHS 
21CTN00213,ALLY FINANICAL ,,,,,,,SUSSEX COUNTY REGIONAL TRANSPORTATION COOPERATIVE 
22NJN00119,MODIVCARE SOLUTIONS AND DMAHS ,,,,,,,FACILITATING ACCESS TO COORDINATION TRANSPORTATION 
22NJT00131,MODIVCARE SOLUTIONS AND DMAHS ,,,,,,,AMERICAN LOGISTICS CO LLC 
22NJN00135,MODIVCARE SOLUTIONS AND DMAHS ,,,,,,,PRIORITY TRANSPORTATION SERVICES  
22NJN00148,SUSSEX COUNTY REGIONAL TRANSPORTATION COOPERATIVE ,,,,,,,ORTEGA LUIS 
22CAN00244,FACILITATING ACCESS TO COORDINATION TRANSPORTATION ,,,,,,,CITY OF FRESNO - BUSINESS TAX/PERMITS 
22NJN00266,"AMERICAN LOGISTICS CO., LLC ",,,,,,,NEW JERSEY DEPARTMENT OF HEALTH 
22CAN00267,AMERICAN LOGISTICS CO LLC ,,,,,,,
22CTN00270,MODIVCARE SOLUTIONS LLC ,,,,,,,
22NJN00271,MODIVCARE SOLUTIONS AND DMAHS ,,,,,,,
22VAN00108,VEYO LLC ,,,,,,,
22NJN00278,PRIORITY TRANSPORTATION SERVICES  ,,,,,,,
22NJT00280, ORTEGA LUIS ,,,,,,,
22NJN00206,MODIVCARE SOLUTIONS AND DMAHS ,,,,,,,
22CAN00285,"MODIVCARE SOLUTIONS, LLC ",,,,,,,
22CAN00286,"MODIVCARE SOLUTIONS, LLC ",,,,,,,
22NJN00287,MODIVCARE SOLUTIONS AND DMAHS ,,,,,,,
22NJN00288,MODIVCARE SOLUTIONS AND DMAHS ,,,,,,,
22CTN00213,"VEYO, LLC   ",,,,,,,
22NJN00292,MODIVCARE SOLUTIONS AND DMAHS ,,,,,,,
22CAN00293,"MODIVCARE SOLUTIONS, LLC ",,,,,,,
22CAT00294,CITY OF FRESNO - BUSINESS TAX/PERMITS ,,,,,,,
22CAN00295,"MODIVCARE SOLUTIONS, LLC ",,,,,,,
22NJN00117,MODIVCARE SOLUTIONS AND DMAHS ,,,,,,,
22PAN00215,"MODIVCARE SOLUTIONS, LLC ",,,,,,,
23CAN00296,MODIVCARE SOLUTIONS AND DMAHS ,,,,,,,
22CAN00216,MODIVCARE SOLUTIONS AND DMAHS ,,,,,,,
23NJN00122,MODIVCARE SOLUTIONS AND DMAHS ,,,,,,,
23NJN00217,MODIVCARE SOLUTIONS AND DMAHS ,,,,,,,
23CAN00299,MODIVCARE SOLUTIONS AND DMAHS ,,,,,,,
23NJN00221,MODIVCARE SOLUTIONS AND DMAHS ,,,,,,,
23CAN00301,MODIVCARE SOLUTIONS AND DMAHS ,,,,,,,
23NJN00302,NEW JERSEY DEPARTMENT OF HEALTH ,,,,,,,
23NJN00227,MODIVCARE SOLUTIONS AND DMAHS ,,,,,,,
23NJN00303,MODIVCARE SOLUTIONS AND DMAHS ,,,,,,,
23CAN00304,MODIVCARE SOLUTIONS AND DMAHS ,,,,,,,
23NJN00136,MODIVCARE SOLUTIONS AND DMAHS ,,,,,,,